volume,issue,year,has_section,winner,winner_count,text_len,count_modern_caps,count_historical_to,count_from_to,count_em_dash,error
133,1,2000,False,,0,128296,0,0,0,0,
133,2,2000,False,,0,106289,0,0,0,0,
133,3,2000,True,em_dash,828,94032,0,0,0,828,
133,4,2000,True,,0,174935,0,0,0,0,
133,5,2000,False,,0,461492,0,0,0,0,
133,6,2000,False,,0,38407,0,0,0,0,
133,7,2000,True,em_dash,527,84143,0,0,0,527,
133,8,2000,True,,0,220480,0,0,0,0,
133,9,2000,False,,0,390063,0,0,0,0,
133,10,2000,False,,0,109671,0,0,0,0,
133,11,2000,True,em_dash,427,87206,0,0,0,427,
133,12,2000,False,,0,361832,0,0,0,0,
133,13,2000,False,,0,474197,0,0,0,0,
133,14,2000,False,,0,128818,0,0,0,0,
133,15,2000,False,,0,200983,0,0,0,0,
133,16,2000,True,em_dash,529,233283,0,0,0,529,
133,17,2000,False,,0,61908,0,0,0,0,
133,18,2000,False,,0,373301,0,0,0,0,
133,19,2000,False,,0,88070,0,0,0,0,
133,20,2000,True,em_dash,371,69173,0,0,0,371,
133,21,2000,True,,0,59918,0,0,0,0,
133,22,2000,False,,0,127797,0,0,0,0,
133,23,2000,False,,0,186361,0,0,0,0,
133,24,2000,True,em_dash,339,61911,0,0,0,339,
133,25,2000,False,,0,76766,0,0,0,0,
133,26,2000,False,,0,136372,0,0,0,0,
133,27,2000,True,,0,136819,0,0,0,0,
133,28,2000,False,,0,239754,0,0,0,0,
133,29,2000,True,em_dash,707,91138,0,0,0,707,
133,30,2000,True,,0,126078,0,0,0,0,
133,31,2000,False,,0,214013,0,0,0,0,
133,32,2000,False,,0,61776,0,0,0,0,
133,33,2000,True,em_dash,432,67594,0,0,0,432,
133,34,2000,False,,0,76216,0,0,0,0,
133,35,2000,False,,0,105797,0,0,0,0,
133,36,2000,False,,0,96126,0,0,0,0,
133,37,2000,False,,0,107100,0,0,0,0,
133,38,2000,True,em_dash,516,71756,0,0,0,516,
133,39,2000,False,,0,51392,0,0,0,0,
133,40,2000,False,,0,60472,0,0,0,0,
133,41,2000,False,,0,79114,0,0,0,0,
133,42,2000,True,em_dash,592,80795,0,0,0,592,
133,43,2000,True,,0,41687,0,0,0,0,
133,44,2000,False,,0,148603,0,0,0,0,
133,45,2000,False,,0,107174,0,0,0,0,
133,46,2000,False,,0,77759,0,0,0,0,
133,47,2000,True,em_dash,528,103326,0,0,0,528,
133,48,2000,False,,0,80582,0,0,0,0,
133,49,2000,False,,0,59897,0,0,0,0,
133,50,2000,False,,0,111101,0,0,0,0,
133,51,2000,True,,0,78733,0,0,0,0,
133,52,2000,False,,0,438602,0,0,0,0,
133,53,2000,False,,0,283112,0,0,0,0,
134,1,2001,False,,0,146117,0,0,0,0,
134,2,2001,True,em_dash,22,105687,0,0,0,22,
134,3,2001,True,,0,134931,0,0,0,0,
134,4,2001,True,,0,69145,0,0,0,0,
134,5,2001,False,,0,113334,0,0,0,0,
134,6,2001,False,,0,99978,0,0,0,0,
134,7,2001,True,em_dash,502,73338,0,0,0,502,
134,8,2001,False,,0,56121,0,0,0,0,
134,9,2001,False,,0,43254,0,0,0,0,
134,10,2001,True,em_dash,595,88563,0,0,0,595,
134,11,2001,True,,0,27088,0,0,0,0,
134,12,2001,False,,0,368629,0,0,0,0,
134,13,2001,True,,0,148619,0,0,0,0,
134,14,2001,False,,0,130696,0,0,0,0,
134,15,2001,True,em_dash,624,90852,0,0,0,624,
134,16,2001,False,,0,146227,0,0,0,0,
134,17,2001,False,,0,146946,0,0,0,0,
134,18,2001,False,,0,102606,0,0,0,0,
134,19,2001,True,em_dash,385,63679,0,0,0,385,
134,20,2001,False,,0,135867,0,0,0,0,
134,21,2001,False,,0,434893,0,0,0,0,
134,22,2001,False,,0,102399,0,0,0,0,
134,23,2001,True,em_dash,501,201502,0,0,0,501,
134,24,2001,False,,0,284037,0,0,0,0,
134,25,2001,False,,0,69289,0,0,0,0,
134,26,2001,False,,0,314443,0,0,0,0,
134,27,2001,False,,0,420960,0,0,0,0,
134,28,2001,True,em_dash,661,129501,0,0,0,661,
134,29,2001,True,,0,227260,0,0,0,0,
134,30,2001,False,,0,191581,0,0,0,0,
134,31,2001,False,,0,393113,0,0,0,0,
134,32,2001,False,,0,87661,0,0,0,0,
134,33,2001,True,em_dash,491,67327,0,0,0,491,
134,34,2001,False,,0,85086,0,0,0,0,
134,35,2001,False,,0,61591,0,0,0,0,
134,36,2001,False,,0,69989,0,0,0,0,
134,37,2001,False,,0,205596,0,0,0,0,
134,38,2001,True,em_dash,401,71437,0,0,0,401,
134,39,2001,False,,0,70104,0,0,0,0,
134,40,2001,False,,0,321884,0,0,0,0,
134,41,2001,False,,0,126709,0,0,0,0,
134,42,2001,True,em_dash,492,68882,0,0,0,492,
134,43,2001,False,,0,80394,0,0,0,0,
134,44,2001,False,,0,287097,0,0,0,0,
134,45,2001,False,,0,251837,0,0,0,0,
134,46,2001,False,,0,64383,0,0,0,0,
134,47,2001,True,,0,55527,0,0,0,0,
134,48,2001,False,,0,89767,0,0,0,0,
134,49,2001,False,,0,79975,0,0,0,0,
134,50,2001,False,,0,157746,0,0,0,0,
134,51,2001,True,em_dash,692,198823,0,0,0,692,
134,52,2001,False,,0,388063,0,0,0,0,
135,1,2002,True,,0,231090,0,0,0,0,
135,2,2002,False,,0,63798,0,0,0,0,
135,3,2002,True,em_dash,334,93168,0,0,0,334,
135,4,2002,True,,0,124942,0,0,0,0,
135,5,2002,False,,0,51476,0,0,0,0,
135,6,2002,True,em_dash,342,64268,0,0,0,342,
135,7,2002,False,,0,94577,0,0,0,0,
135,8,2002,False,,0,100514,0,0,0,0,
135,9,2002,False,,0,57946,0,0,0,0,
135,10,2002,False,,0,71521,0,0,0,0,
135,11,2002,True,em_dash,433,82876,0,0,0,433,
135,12,2002,False,,0,36539,0,0,0,0,
135,13,2002,False,,0,344229,0,0,0,0,
135,14,2002,False,,0,20428,0,0,0,0,
135,15,2002,False,,0,174324,0,0,0,0,
135,16,2002,False,,0,40427,0,0,0,0,
135,17,2002,False,,0,47224,0,0,0,0,
135,19,2002,False,,0,168488,0,0,0,0,
135,20,2002,False,,0,123889,0,0,0,0,
135,21,2002,False,,0,111711,0,0,0,0,
135,22,2002,False,,0,444861,0,0,0,0,
135,23,2002,False,,0,129667,0,0,0,0,
135,24,2002,False,,0,105495,0,0,0,0,
135,25,2002,True,em_dash,631,91212,0,0,0,631,
135,26,2002,False,,0,98629,0,0,0,0,
135,27,2002,False,,0,81526,0,0,0,0,
135,28,2002,False,,0,224113,0,0,0,0,
135,29,2002,True,,0,153377,0,0,0,0,
135,30,2002,True,em_dash,407,265273,0,0,0,407,
135,31,2002,True,,0,93506,0,0,0,0,
135,32,2002,False,,0,89290,0,0,0,0,
135,37,2002,False,,0,149914,0,0,0,0,
135,39,2002,False,,0,84293,0,0,0,0,
135,40,2002,False,,0,117817,0,0,0,0,
135,41,2002,True,em_dash,297,103051,0,0,0,297,
135,42,2002,False,,0,118081,0,0,0,0,
135,43,2002,False,,0,38357,0,0,0,0,
135,46,2002,False,,0,83554,0,0,0,0,
135,47,2002,False,,0,46726,0,0,0,0,
135,48,2002,True,em_dash,430,70320,0,0,0,430,
135,49,2002,False,,0,87445,0,0,0,0,
135,50,2002,False,,0,61086,0,0,0,0,
135,51,2002,False,,0,147013,0,0,0,0,
135,52,2002,False,,0,350680,0,0,0,0,
136,1,2003,False,,0,377295,0,0,0,0,
136,2,2003,False,,0,127192,0,0,0,0,
136,3,2003,True,em_dash,477,77834,0,0,0,477,
136,4,2003,False,,0,71859,0,0,0,0,
136,5,2003,True,,0,85652,0,0,0,0,
136,6,2003,False,,0,62872,0,0,0,0,
136,7,2003,False,,0,176984,0,0,0,0,
136,8,2003,True,em_dash,557,94402,0,0,0,557,
136,9,2003,False,,0,106667,0,0,0,0,
136,10,2003,False,,0,87021,0,0,0,0,
136,11,2003,False,,0,93198,0,0,0,0,
136,12,2003,True,em_dash,383,72263,0,0,0,383,
136,13,2003,False,,0,143196,0,0,0,0,
136,14,2003,False,,0,78449,0,0,0,0,
136,15,2003,False,,0,158776,0,0,0,0,
136,16,2003,False,,0,117603,0,0,0,0,
136,17,2003,False,,0,273606,0,0,0,0,
136,18,2003,True,em_dash,465,60481,0,0,0,465,
136,19,2003,False,,0,97680,0,0,0,0,
136,20,2003,False,,0,317258,0,0,0,0,
136,21,2003,True,em_dash,365,70660,0,0,0,365,
136,22,2003,False,,0,182466,0,0,0,0,
136,23,2003,False,,0,112989,0,0,0,0,
136,24,2003,False,,0,120968,0,0,0,0,
136,25,2003,False,,0,237811,0,0,0,0,
136,26,2003,True,em_dash,364,111852,0,0,0,364,
136,27,2003,False,,0,196082,0,0,0,0,
136,28,2003,False,,0,107362,0,0,0,0,
136,29,2003,False,,0,230448,0,0,0,0,
136,30,2003,True,em_dash,182,58685,0,0,0,182,
136,31,2003,False,,0,56299,0,0,0,0,
136,32,2003,False,,0,50191,0,0,0,0,
136,33,2003,True,em_dash,91,48998,0,0,0,91,
136,34,2003,False,,0,23733,0,0,0,0,
136,35,2003,False,,0,67792,0,0,0,0,
136,36,2003,False,,0,63775,0,0,0,0,
136,37,2003,False,,0,186597,0,0,0,0,
136,38,2003,False,,0,128594,0,0,0,0,
136,39,2003,False,,0,253164,0,0,0,0,
136,40,2003,False,,0,103521,0,0,0,0,
136,41,2003,False,,0,50791,0,0,0,0,
136,42,2003,False,,0,72128,0,0,0,0,
136,43,2003,True,em_dash,97,50122,0,0,0,97,
136,45,2003,True,em_dash,154,126938,0,0,0,154,
136,46,2003,False,,0,92471,0,0,0,0,
136,47,2003,False,,0,81444,0,0,0,0,
136,48,2003,False,,0,112219,0,0,0,0,
136,49,2003,False,,0,83030,0,0,0,0,
136,50,2003,True,em_dash,93,52972,0,0,0,93,
136,51,2003,False,,0,156424,0,0,0,0,
136,52,2003,False,,0,225723,0,0,0,0,
137,1,2004,False,,0,188418,0,0,0,0,
137,2,2004,True,,0,55836,0,0,0,0,
137,3,2004,False,,0,140885,0,0,0,0,
137,4,2004,False,,0,68686,0,0,0,0,
137,5,2004,False,,0,99946,0,0,0,0,
137,6,2004,False,,0,153130,0,0,0,0,
137,7,2004,False,,0,147237,0,0,0,0,
137,8,2004,False,,0,173151,0,0,0,0,
137,9,2004,False,,0,294489,0,0,0,0,
137,10,2004,False,,0,114837,0,0,0,0,
137,11,2004,False,,0,258921,0,0,0,0,
137,12,2004,False,,0,212366,0,0,0,0,
137,13,2004,False,,0,142029,0,0,0,0,
137,14,2004,False,,0,161321,0,0,0,0,
137,15,2004,False,,0,275422,0,0,0,0,
137,16,2004,False,,0,279781,0,0,0,0,
137,17,2004,False,,0,175135,0,0,0,0,
137,18,2004,False,,0,139708,0,0,0,0,
137,19,2004,False,,0,166300,0,0,0,0,
137,20,2004,False,,0,207324,0,0,0,0,
137,21,2004,False,,0,157521,0,0,0,0,
137,22,2004,False,,0,297228,0,0,0,0,
137,23,2004,False,,0,118461,0,0,0,0,
137,24,2004,False,,0,396835,0,0,0,0,
137,25,2004,True,em_dash,277,141147,0,0,0,277,
137,26,2004,False,,0,233865,0,0,0,0,
137,27,2004,False,,0,272327,0,0,0,0,
137,29,2004,False,,0,247252,0,0,0,0,
137,30,2004,False,,0,201480,0,0,0,0,
137,31,2004,False,,0,153769,0,0,0,0,
137,32,2004,False,,0,165228,0,0,0,0,
137,33,2004,True,em_dash,124,132289,0,0,0,124,
137,34,2004,False,,0,198779,0,0,0,0,
137,35,2004,False,,0,263485,0,0,0,0,
137,36,2004,False,,0,224814,0,0,0,0,
137,37,2004,False,,0,215896,0,0,0,0,
137,38,2004,False,,0,199319,0,0,0,0,
137,39,2004,False,,0,122250,0,0,0,0,
137,40,2004,False,,0,190231,0,0,0,0,
137,41,2004,False,,0,184350,0,0,0,0,
137,42,2004,False,,0,255196,0,0,0,0,
137,43,2004,False,,0,264199,0,0,0,0,
137,44,2004,False,,0,215161,0,0,0,0,
137,45,2004,False,,0,375168,0,0,0,0,
137,46,2004,False,,0,182695,0,0,0,0,
137,47,2004,False,,0,257806,0,0,0,0,
137,48,2004,True,,0,211896,0,0,0,0,
137,49,2004,False,,0,155658,0,0,0,0,
137,50,2004,False,,0,234576,0,0,0,0,
137,51,2004,False,,0,234823,0,0,0,0,
137,52,2004,False,,0,246869,0,0,0,0,
138,1,2005,False,,0,318827,0,0,0,0,
138,2,2005,False,,0,309934,0,0,0,0,
138,3,2005,False,,0,128503,0,0,0,0,
138,4,2005,False,,0,134620,0,0,0,0,
138,5,2005,True,em_dash,1995,249765,0,0,0,1995,
138,6,2005,False,,0,227253,0,0,0,0,
138,7,2005,False,,0,194602,0,0,0,0,
138,8,2005,False,,0,344565,0,0,0,0,
138,9,2005,False,,0,469629,0,0,0,0,
138,10,2005,False,,0,310279,0,0,0,0,
138,11,2005,False,,0,377781,0,0,0,0,
138,12,2005,False,,0,301986,0,0,0,0,
138,13,2005,False,,0,379269,0,0,0,0,
138,14,2005,False,,0,427250,0,0,0,0,
138,15,2005,False,,0,271877,0,0,0,0,
138,16,2005,False,,0,689835,0,0,0,0,
138,17,2005,False,,0,110685,0,0,0,0,
138,18,2005,False,,0,184366,0,0,0,0,
138,19,2005,False,,0,222675,0,0,0,0,
138,20,2005,True,modern_caps,1851,392347,1851,0,0,1762,
138,21,2005,False,,0,328799,0,0,0,0,
138,22,2005,False,,0,95093,0,0,0,0,
138,23,2005,False,,0,380873,0,0,0,0,
138,24,2005,False,,0,176973,0,0,0,0,
138,25,2005,True,modern_caps,575,169382,575,0,0,544,
138,26,2005,False,,0,238962,0,0,0,0,
138,27,2005,False,,0,289984,0,0,0,0,
138,28,2005,False,,0,353143,0,0,0,0,
138,29,2005,True,,0,121028,0,0,0,0,
138,30,2005,False,,0,134074,0,0,0,0,
138,31,2005,False,,0,132938,0,0,0,0,
138,32,2005,True,,0,113774,0,0,0,0,
138,33,2005,False,,0,295549,0,0,0,0,
138,34,2005,False,,0,403029,0,0,0,0,
138,35,2005,False,,0,307201,0,0,0,0,
138,36,2005,False,,0,149150,0,0,0,0,
138,37,2005,False,,0,250372,0,0,0,0,
138,38,2005,False,,0,140892,0,0,0,0,
138,39,2005,False,,0,96807,0,0,0,0,
138,40,2005,False,,0,144829,0,0,0,0,
138,41,2005,True,,0,102428,0,0,0,0,
138,42,2005,False,,0,343404,0,0,0,0,
138,43,2005,False,,0,119592,0,0,0,0,
138,44,2005,False,,0,109012,0,0,0,0,
138,45,2005,False,,0,129861,0,0,0,0,
138,46,2005,False,,0,322719,0,0,0,0,
138,47,2005,False,,0,325622,0,0,0,0,
138,48,2005,True,,0,71336,0,0,0,0,
138,49,2005,True,modern_caps,2398,227937,2398,0,0,0,
138,50,2005,True,,0,158054,0,0,0,0,
138,51,2005,False,,0,162253,0,0,0,0,
138,52,2005,True,modern_caps,159,51594,159,0,0,0,
138,53,2005,True,modern_caps,75,78278,75,0,0,0,
139,2,2006,True,modern_caps,90,61218,90,0,0,0,
139,3,2006,True,modern_caps,57,246411,57,0,0,0,
139,4,2006,True,modern_caps,78,71774,78,0,0,0,
139,5,2006,True,modern_caps,155,73186,155,0,0,0,
139,6,2006,True,modern_caps,4,57065,4,0,0,0,
139,8,2006,True,modern_caps,153,46600,153,0,0,0,
139,9,2006,True,modern_caps,129,113744,129,0,0,0,
139,10,2006,True,modern_caps,68,65640,68,0,0,0,
139,11,2006,True,modern_caps,83,65476,83,0,0,0,
139,12,2006,True,modern_caps,80,68040,80,0,0,0,
139,13,2006,True,modern_caps,93,47533,93,0,0,0,
139,14,2006,True,modern_caps,136,66154,136,0,0,0,
139,15,2006,True,modern_caps,124,54648,124,0,0,0,
139,16,2006,True,modern_caps,94,45502,94,0,0,0,
139,17,2006,False,,0,82843,0,0,0,0,
139,18,2006,True,modern_caps,213,68640,213,0,0,0,
139,19,2006,True,modern_caps,93,113893,93,0,0,0,
139,20,2006,True,modern_caps,104,50057,104,0,0,0,
139,21,2006,False,,0,212748,0,0,0,0,
139,22,2006,False,,0,223897,0,0,0,0,
139,23,2006,True,modern_caps,362,83064,362,0,0,0,
139,24,2006,True,modern_caps,140,62110,140,0,0,0,
139,25,2006,True,modern_caps,57,194906,57,0,0,0,
139,26,2006,True,modern_caps,146,73529,146,0,0,0,
139,27,2006,False,,0,278735,0,0,0,0,
139,28,2006,True,modern_caps,215,73049,215,0,0,0,
139,29,2006,False,,0,283756,0,0,0,0,
139,30,2006,True,modern_caps,197,69010,197,0,0,0,
139,31,2006,False,,0,90318,0,0,0,0,
139,32,2006,True,modern_caps,6,67469,6,0,0,0,
139,33,2006,False,,0,73795,0,0,0,0,
139,34,2006,True,modern_caps,152,50492,152,0,0,0,
139,35,2006,True,modern_caps,179,52471,179,0,0,0,
139,36,2006,True,modern_caps,162,60089,162,0,0,0,
139,37,2006,True,modern_caps,46,65322,46,0,0,0,
139,38,2006,True,,0,103121,0,0,0,0,
139,39,2006,True,modern_caps,250,82500,250,0,0,0,
139,40,2006,True,modern_caps,98,103230,98,0,0,0,
139,41,2006,True,modern_caps,66,289373,66,0,0,0,
139,42,2006,True,modern_caps,75,272298,75,0,0,0,
139,43,2006,False,,0,366471,0,0,0,0,
139,44,2006,True,modern_caps,185,305410,185,0,0,0,
139,45,2006,True,modern_caps,85,217800,85,0,0,0,
139,46,2006,True,modern_caps,115,191480,115,0,0,0,
139,47,2006,False,,0,210098,0,0,0,0,
139,48,2006,True,modern_caps,184,194839,184,0,0,0,
139,49,2006,True,modern_caps,195,108262,195,0,0,0,
139,50,2006,True,modern_caps,246,59797,246,0,0,0,
139,51,2006,False,,0,212277,0,0,0,0,
139,52,2006,True,modern_caps,97,67450,97,0,0,0,
140,1,2007,False,,0,134748,0,0,0,0,
140,2,2007,True,modern_caps,157,81408,157,0,0,0,
140,3,2007,True,modern_caps,93,42090,93,0,0,0,
140,4,2007,True,modern_caps,194,91357,194,0,0,0,
140,5,2007,True,modern_caps,159,87818,159,0,0,0,
140,6,2007,True,modern_caps,76,140065,76,0,0,0,
140,7,2007,False,,0,308065,0,0,0,0,
140,8,2007,True,modern_caps,234,274020,234,0,0,0,
140,9,2007,True,modern_caps,80,265114,80,0,0,0,
140,10,2007,False,,0,258478,0,0,0,0,
140,11,2007,True,modern_caps,218,198262,218,0,0,0,
140,12,2007,False,,0,254755,0,0,0,0,
140,13,2007,True,modern_caps,151,168810,151,0,0,0,
140,14,2007,False,,0,339769,0,0,0,0,
140,15,2007,True,modern_caps,144,112663,144,0,0,0,
140,16,2007,True,modern_caps,123,44473,123,0,0,0,
140,17,2007,False,,0,303424,0,0,0,0,
140,18,2007,False,,0,158098,0,0,0,0,
140,19,2007,True,,0,22951,0,0,0,0,
140,20,2007,True,modern_caps,84,49430,84,0,0,0,
140,21,2007,False,,0,166939,0,0,0,0,
140,22,2007,True,modern_caps,243,58271,243,0,0,0,
140,23,2007,False,,0,275828,0,0,0,0,
140,24,2007,True,modern_caps,228,72144,228,0,0,0,
140,25,2007,False,,0,302523,0,0,0,0,
140,26,2007,False,,0,284799,0,0,0,0,
140,27,2007,True,modern_caps,497,187967,497,0,0,0,
140,28,2007,True,modern_caps,144,80374,144,0,0,0,
140,29,2007,True,,0,44658,0,0,0,0,
140,30,2007,True,modern_caps,251,259121,251,0,0,0,
140,31,2007,True,modern_caps,81,83640,81,0,0,0,
140,32,2007,True,modern_caps,217,88410,217,0,0,0,
140,33,2007,False,,0,188831,0,0,0,0,
140,34,2007,True,modern_caps,264,72807,264,0,0,0,
140,35,2007,True,modern_caps,113,63485,113,0,0,0,
140,36,2007,False,,0,289431,0,0,0,0,
140,37,2007,False,,0,309784,0,0,0,0,
140,38,2007,True,modern_caps,315,167062,315,0,0,0,
140,39,2007,False,,0,189443,0,0,0,0,
140,40,2007,True,modern_caps,191,169114,191,0,0,0,
140,41,2007,False,,0,144623,0,0,0,0,
140,42,2007,True,modern_caps,210,145534,210,0,0,0,
140,43,2007,True,modern_caps,130,146751,130,0,0,0,
140,44,2007,True,modern_caps,90,144601,90,0,0,0,
140,45,2007,True,modern_caps,173,163262,173,0,0,0,
140,46,2007,True,modern_caps,124,229941,124,0,0,0,
140,47,2007,False,,0,57997,0,0,0,0,
140,48,2007,False,,0,70973,0,0,0,0,
140,49,2007,True,modern_caps,363,85614,363,0,0,0,
140,50,2007,True,modern_caps,108,42242,108,0,0,0,
140,51,2007,True,modern_caps,9,36510,9,0,0,0,
140,52,2007,True,modern_caps,98,61311,98,0,0,0,
141,1,2008,False,,0,267853,0,0,0,0,
141,2,2008,True,modern_caps,221,136998,221,0,0,0,
141,3,2008,False,,0,150473,0,0,0,0,
141,4,2008,True,modern_caps,262,154655,262,0,0,0,
141,5,2008,False,,0,180651,0,0,0,0,
141,6,2008,True,modern_caps,206,142702,206,0,0,0,
141,7,2008,True,modern_caps,43,130108,43,0,0,0,
141,8,2008,False,,0,151560,0,0,0,0,
141,9,2008,True,modern_caps,233,144294,233,0,0,0,
141,10,2008,True,modern_caps,100,132073,100,0,0,0,
141,11,2008,True,modern_caps,140,148728,140,0,0,0,
141,12,2008,False,,0,74404,0,0,0,0,
141,13,2008,True,modern_caps,241,73301,241,0,0,0,
141,14,2008,True,modern_caps,164,55818,164,0,0,0,
141,15,2008,True,modern_caps,151,44266,151,0,0,0,
141,16,2008,True,modern_caps,124,106785,124,0,0,0,
141,17,2008,True,modern_caps,127,66103,127,0,0,0,
141,18,2008,True,modern_caps,150,91479,150,0,0,0,
141,19,2008,True,modern_caps,127,116546,127,0,0,0,
141,20,2008,True,modern_caps,141,67802,141,0,0,0,
141,21,2008,True,modern_caps,130,67758,130,0,0,0,
141,22,2008,False,,0,145811,0,0,0,0,
141,23,2008,True,modern_caps,164,52296,164,0,0,0,
141,24,2008,True,modern_caps,145,56446,145,0,0,0,
141,25,2008,True,modern_caps,265,78589,265,0,0,0,
141,26,2008,False,,0,82964,0,0,0,0,
141,27,2008,False,,0,308114,0,0,0,0,
141,28,2008,True,modern_caps,397,117599,397,0,0,0,
141,29,2008,True,modern_caps,67,136021,67,0,0,0,
141,30,2008,True,modern_caps,161,137639,161,0,0,0,
141,31,2008,True,modern_caps,157,176812,157,0,0,0,
141,32,2008,True,modern_caps,163,152274,163,0,0,0,
141,33,2008,True,modern_caps,28,140379,28,0,0,0,
141,34,2008,True,modern_caps,64,135597,64,0,0,0,
141,35,2008,True,modern_caps,93,149743,93,0,0,0,
141,36,2008,True,modern_caps,149,142857,149,0,0,0,
141,37,2008,True,modern_caps,142,153610,142,0,0,0,
141,38,2008,True,modern_caps,53,151532,53,0,0,0,
141,39,2008,True,modern_caps,199,52977,199,0,0,0,
141,40,2008,True,modern_caps,119,86608,119,0,0,0,
141,41,2008,True,modern_caps,252,57236,252,0,0,0,
141,42,2008,False,,0,124569,0,0,0,0,
141,43,2008,True,modern_caps,158,42060,158,0,0,0,
141,44,2008,True,modern_caps,6,76920,6,0,0,0,
141,45,2008,True,modern_caps,3,108314,3,0,0,0,
141,46,2008,True,modern_caps,192,56356,192,0,0,0,
141,47,2008,True,modern_caps,86,75061,86,0,0,0,
141,48,2008,True,modern_caps,118,39778,118,0,0,0,
141,49,2008,True,modern_caps,210,149317,210,0,0,0,
141,50,2008,False,,0,396531,0,0,0,0,
141,51,2008,True,modern_caps,122,145811,122,0,0,0,
141,52,2008,False,,0,245613,0,0,0,0,
142,1,2009,True,modern_caps,145,144031,145,0,0,0,
142,2,2009,False,,0,35938,0,0,0,0,
142,4,2009,False,,0,153351,0,0,0,0,
142,5,2009,True,,0,48390,0,0,0,0,
142,6,2009,True,,0,79368,0,0,0,0,
142,7,2009,True,modern_caps,70,83438,70,0,0,0,
142,8,2009,False,,0,61456,0,0,0,0,
142,9,2009,True,modern_caps,302,64602,302,0,0,0,
142,10,2009,True,modern_caps,2,63314,2,0,0,0,
142,11,2009,False,,0,85103,0,0,0,0,
142,12,2009,True,,0,313150,0,0,0,0,
142,13,2009,True,modern_caps,3,47979,3,0,0,0,
142,14,2009,True,modern_caps,3,159981,3,0,0,0,
142,15,2009,True,,0,92946,0,0,0,0,
142,16,2009,True,modern_caps,4,56391,4,0,0,0,
142,17,2009,True,modern_caps,2,62161,2,0,0,0,
142,18,2009,False,,0,95624,0,0,0,0,
142,19,2009,True,,0,91755,0,0,0,0,
142,20,2009,True,modern_caps,6,70008,6,0,0,0,
142,21,2009,False,,0,130311,0,0,0,0,
142,22,2009,True,modern_caps,4,57324,4,0,0,0,
142,23,2009,True,,0,39299,0,0,0,0,
142,24,2009,True,modern_caps,6,51933,6,0,0,0,
142,25,2009,True,,0,146766,0,0,0,0,
142,26,2009,True,modern_caps,3,61566,3,0,0,0,
142,27,2009,True,modern_caps,148,137626,148,0,0,0,
142,28,2009,True,,0,56935,0,0,0,0,
142,29,2009,True,,0,81838,0,0,0,0,
142,30,2009,True,modern_caps,6,77069,6,0,0,0,
142,31,2009,True,modern_caps,3,79930,3,0,0,0,
142,32,2009,True,modern_caps,66,80902,66,0,0,0,
142,33,2009,True,,0,106494,0,0,0,0,
142,34,2009,True,modern_caps,4,54180,4,0,0,0,
142,36,2009,True,,0,44067,0,0,0,0,
142,37,2009,True,modern_caps,6,44120,6,0,0,0,
142,38,2009,True,modern_caps,187,49313,187,0,0,0,
142,39,2009,True,modern_caps,137,43703,137,0,0,0,
142,40,2009,True,modern_caps,214,58549,214,0,0,0,
142,41,2009,True,modern_caps,237,51136,237,0,0,0,
142,42,2009,True,modern_caps,184,52319,184,0,0,0,
142,43,2009,True,modern_caps,141,49728,141,0,0,0,
142,44,2009,True,modern_caps,4,38625,4,0,0,0,
142,45,2009,True,modern_caps,6,109491,6,0,0,0,
142,46,2009,True,modern_caps,116,61711,116,0,0,0,
142,47,2009,True,modern_caps,59,62431,59,0,0,0,
142,48,2009,True,modern_caps,115,40201,115,0,0,0,
142,49,2009,True,modern_caps,106,53431,106,0,0,0,
142,50,2009,True,modern_caps,4,85458,4,0,0,0,
142,51,2009,True,,0,7829,0,0,0,0,
142,52,2009,True,modern_caps,276,82103,276,0,0,0,
143,1,2010,False,,0,271833,0,0,0,0,
143,2,2010,True,modern_caps,245,195391,245,0,0,0,
143,3,2010,True,modern_caps,325,81512,325,0,0,0,
143,4,2010,True,modern_caps,5,44651,5,0,0,0,
143,5,2010,True,modern_caps,5,53315,5,0,0,0,
143,6,2010,True,modern_caps,2,68742,2,0,0,0,
143,7,2010,True,modern_caps,3,56271,3,0,0,0,
143,8,2010,True,modern_caps,125,67786,125,0,0,0,
143,9,2010,True,modern_caps,30,51024,30,0,0,0,
143,10,2010,True,modern_caps,64,79683,64,0,0,0,
143,11,2010,True,modern_caps,198,206439,198,0,0,0,
143,12,2010,True,modern_caps,4,54523,4,0,0,0,
143,13,2010,True,,0,88706,0,0,0,0,
143,14,2010,True,modern_caps,5,43119,5,0,0,0,
143,15,2010,True,modern_caps,153,65969,153,0,0,0,
143,16,2010,True,,0,66661,0,0,0,0,
143,17,2010,True,modern_caps,140,125852,140,0,0,0,
143,18,2010,True,,0,42792,0,0,0,0,
143,19,2010,True,modern_caps,6,92619,6,0,0,0,
143,20,2010,True,modern_caps,4,99397,4,0,0,0,
143,21,2010,True,modern_caps,5,37129,5,0,0,0,
143,22,2010,True,modern_caps,4,133891,4,0,0,0,
143,23,2010,True,modern_caps,2,52607,2,0,0,0,
143,24,2010,True,,0,60716,0,0,0,0,
143,25,2010,True,modern_caps,379,86501,379,0,0,0,
143,26,2010,True,modern_caps,3,163163,3,0,0,0,
143,27,2010,True,modern_caps,3,44654,3,0,0,0,
143,28,2010,True,,0,69283,0,0,0,0,
143,29,2010,True,,0,100342,0,0,0,0,
143,30,2010,True,modern_caps,5,90926,5,0,0,0,
143,31,2010,True,modern_caps,2,149880,2,0,0,0,
143,32,2010,True,modern_caps,149,221722,149,0,0,0,
143,33,2010,True,modern_caps,4,104319,4,0,0,0,
143,34,2010,True,,0,73777,0,0,0,0,
143,35,2010,True,,0,108344,0,0,0,0,
143,36,2010,True,modern_caps,59,113929,59,0,0,0,
143,37,2010,True,modern_caps,161,57364,161,0,0,0,
143,38,2010,True,modern_caps,94,31953,94,0,0,0,
143,39,2010,True,modern_caps,77,126971,77,0,0,0,
143,40,2010,True,modern_caps,164,48597,164,0,0,0,
144,1,2011,False,,0,262897,0,0,0,0,
144,2,2011,True,modern_caps,347,116369,347,0,0,0,
144,3,2011,True,modern_caps,437,63731,437,0,0,0,
144,4,2011,True,modern_caps,123,51337,123,0,0,0,
144,5,2011,True,modern_caps,234,58623,234,0,0,0,
144,6,2011,True,,0,83192,0,0,0,0,
144,7,2011,True,modern_caps,4,45383,4,0,0,0,
144,8,2011,True,modern_caps,3,63917,3,0,0,0,
144,9,2011,True,modern_caps,133,42036,133,0,0,0,
144,10,2011,True,modern_caps,166,48334,166,0,0,0,
144,11,2011,False,,0,269645,0,0,0,0,
144,13,2011,True,,0,100602,0,0,0,0,
144,25,2011,True,modern_caps,136,36336,136,0,0,0,
144,28,2011,True,modern_caps,4,26914,4,0,0,0,
144,31,2011,False,,0,359794,0,0,0,0,
144,43,2011,True,modern_caps,224,233551,224,0,0,0,
144,44,2011,False,,0,140650,0,0,0,0,
145,1,2012,True,modern_caps,120,61648,120,0,0,0,
145,2,2012,False,,0,63487,0,0,0,0,
145,3,2012,False,,0,70363,0,0,0,0,
145,4,2012,False,,0,84811,0,0,0,0,
145,5,2012,False,,0,76831,0,0,0,0,
145,6,2012,True,modern_caps,893,95033,893,0,0,0,
145,7,2012,True,modern_caps,116,45027,116,0,0,0,
145,8,2012,True,modern_caps,236,60732,236,0,0,0,
145,9,2012,False,,0,206420,0,0,0,0,
145,10,2012,True,modern_caps,325,111927,325,0,0,0,
145,11,2012,False,,0,76522,0,0,0,0,
145,12,2012,False,,0,303175,0,0,0,0,
145,13,2012,False,,0,212248,0,0,0,0,
145,14,2012,False,,0,68448,0,0,0,0,
145,15,2012,True,modern_caps,848,155869,848,0,0,0,
145,16,2012,False,,0,73709,0,0,0,0,
145,17,2012,True,modern_caps,126,47308,126,0,0,0,
145,18,2012,False,,0,100837,0,0,0,0,
145,19,2012,False,,0,130004,0,0,0,0,
145,20,2012,True,modern_caps,6,49581,6,0,0,0,
145,21,2012,True,modern_caps,5,68058,5,0,0,0,
145,22,2012,False,,0,229194,0,0,0,0,
145,23,2012,True,modern_caps,2,41835,2,0,0,0,
145,24,2012,False,,0,206087,0,0,0,0,
145,25,2012,False,,0,299281,0,0,0,0,
145,26,2012,True,modern_caps,7,63890,7,0,0,0,
145,27,2012,True,,0,211869,0,0,0,0,
145,28,2012,False,,0,272245,0,0,0,0,
145,29,2012,True,,0,57772,0,0,0,0,
145,30,2012,True,modern_caps,3,50640,3,0,0,0,
145,31,2012,False,,0,232189,0,0,0,0,
145,32,2012,False,,0,91270,0,0,0,0,
145,33,2012,False,,0,93352,0,0,0,0,
145,34,2012,True,modern_caps,125,53961,125,0,0,0,
145,35,2012,True,modern_caps,150,46546,150,0,0,0,
145,36,2012,True,modern_caps,44,43261,44,0,0,0,
145,37,2012,False,,0,242314,0,0,0,0,
145,38,2012,False,,0,151305,0,0,0,0,
145,39,2012,False,,0,245187,0,0,0,0,
145,40,2012,False,,0,157804,0,0,0,0,
145,41,2012,False,,0,181498,0,0,0,0,
145,42,2012,False,,0,252299,0,0,0,0,
145,43,2012,False,,0,78973,0,0,0,0,
145,44,2012,False,,0,186976,0,0,0,0,
145,45,2012,False,,0,124378,0,0,0,0,
145,46,2012,True,modern_caps,1623,168272,1623,0,0,0,
145,47,2012,False,,0,242435,0,0,0,0,
145,48,2012,True,modern_caps,160,70266,160,0,0,0,
145,49,2012,False,,0,291897,0,0,0,0,
145,50,2012,False,,0,136910,0,0,0,0,
145,51,2012,False,,0,73096,0,0,0,0,
145,52,2012,False,,0,243916,0,0,0,0,
146,1,2013,True,modern_caps,938,231070,938,0,0,0,
146,2,2013,False,,0,39976,0,0,0,0,
146,3,2013,False,,0,138513,0,0,0,0,
146,4,2013,False,,0,75239,0,0,0,0,
146,5,2013,False,,0,89012,0,0,0,0,
146,6,2013,False,,0,235843,0,0,0,0,
146,7,2013,False,,0,120550,0,0,0,0,
146,8,2013,True,modern_caps,1230,126453,1230,0,0,0,
146,9,2013,False,,0,65740,0,0,0,0,
146,10,2013,True,modern_caps,92,36134,92,0,0,0,
146,11,2013,False,,0,139992,0,0,0,0,
146,12,2013,True,modern_caps,223,54709,223,0,0,0,
146,13,2013,False,,0,75926,0,0,0,0,
146,14,2013,True,modern_caps,449,149018,449,0,0,0,
146,15,2013,False,,0,249520,0,0,0,0,
146,16,2013,False,,0,90160,0,0,0,0,
146,17,2013,True,modern_caps,41,44597,41,0,0,0,
146,18,2013,True,modern_caps,3,45063,3,0,0,0,
146,19,2013,False,,0,87134,0,0,0,0,
146,20,2013,False,,0,112523,0,0,0,0,
146,21,2013,False,,0,239701,0,0,0,0,
146,22,2013,True,modern_caps,126,49656,126,0,0,0,
146,23,2013,False,,0,90605,0,0,0,0,
146,24,2013,False,,0,386882,0,0,0,0,
146,25,2013,False,,0,86357,0,0,0,0,
146,26,2013,True,modern_caps,3,67209,3,0,0,0,
146,27,2013,False,,0,268600,0,0,0,0,
146,28,2013,False,,0,285818,0,0,0,0,
146,29,2013,False,,0,46358,0,0,0,0,
146,30,2013,True,modern_caps,462,75916,462,0,0,0,
146,31,2013,False,,0,172975,0,0,0,0,
146,32,2013,False,,0,58915,0,0,0,0,
146,33,2013,True,modern_caps,2,68033,2,0,0,0,
146,34,2013,False,,0,63437,0,0,0,0,
146,35,2013,True,modern_caps,257,54902,257,0,0,0,
146,36,2013,False,,0,96371,0,0,0,0,
146,37,2013,False,,0,186158,0,0,0,0,
146,38,2013,False,,0,127976,0,0,0,0,
146,39,2013,False,,0,79982,0,0,0,0,
146,40,2013,True,modern_caps,607,150917,607,0,0,0,
146,41,2013,False,,0,140406,0,0,0,0,
146,42,2013,False,,0,124973,0,0,0,0,
146,43,2013,True,modern_caps,659,83702,659,0,0,0,
146,44,2013,True,modern_caps,169,44400,169,0,0,0,
146,45,2013,True,modern_caps,156,51423,156,0,0,1,
146,46,2013,False,,0,251615,0,0,0,0,
146,47,2013,False,,0,91985,0,0,0,0,
146,48,2013,False,,0,87061,0,0,0,0,
146,49,2013,False,,0,70208,0,0,0,0,
146,50,2013,True,modern_caps,747,91822,747,0,0,0,
146,51,2013,False,,0,149003,0,0,0,0,
146,52,2013,False,,0,254466,0,0,0,0,
147,1,2014,False,,0,207917,0,0,0,0,
147,2,2014,False,,0,120223,0,0,0,0,
147,3,2014,True,modern_caps,512,73237,512,0,0,1,
147,4,2014,False,,0,146133,0,0,0,0,
147,5,2014,False,,0,95169,0,0,0,0,
147,6,2014,False,,0,136166,0,0,0,0,
147,7,2014,True,modern_caps,557,80340,557,0,0,0,
147,8,2014,False,,0,63024,0,0,0,0,
147,9,2014,False,,0,256533,0,0,0,0,
147,10,2014,True,modern_caps,273,54378,273,0,0,0,
147,11,2014,True,modern_caps,361,112317,361,0,0,0,
147,12,2014,True,modern_caps,112,51595,112,0,0,0,
147,13,2014,False,,0,169209,0,0,0,0,
147,14,2014,True,modern_caps,327,70924,327,0,0,0,
147,15,2014,True,modern_caps,166,71973,166,0,0,0,
147,16,2014,False,,0,114173,0,0,0,0,
147,17,2014,False,,0,255550,0,0,0,0,
147,18,2014,False,,0,72388,0,0,0,0,
147,19,2014,False,,0,95060,0,0,0,0,
147,20,2014,True,,0,230281,0,0,0,0,
147,21,2014,False,,0,105833,0,0,0,0,
147,22,2014,False,,0,122778,0,0,0,0,
147,23,2014,False,,0,67253,0,0,0,0,
147,24,2014,False,,0,64649,0,0,0,0,
147,26,2014,False,,0,127220,0,0,0,0,
147,27,2014,False,,0,59916,0,0,0,0,
147,28,2014,True,modern_caps,4,61886,4,0,0,0,
147,29,2014,False,,0,56233,0,0,0,0,
147,30,2014,False,,0,260303,0,0,0,0,
147,31,2014,False,,0,104208,0,0,0,0,
147,32,2014,False,,0,71858,0,0,0,0,
147,33,2014,False,,0,144262,0,0,0,0,
147,34,2014,True,,0,82035,0,0,0,0,
147,35,2014,False,,0,138803,0,0,0,0,
147,36,2014,True,modern_caps,197,78615,197,0,0,0,
147,37,2014,False,,0,83384,0,0,0,0,
147,38,2014,False,,0,66286,0,0,0,0,
147,39,2014,False,,0,164024,0,0,0,0,
147,40,2014,False,,0,149986,0,0,0,0,
147,41,2014,True,modern_caps,832,113904,832,0,0,1,
147,42,2014,False,,0,61734,0,0,0,0,
147,43,2014,False,,0,65974,0,0,0,0,
147,44,2014,False,,0,102658,0,0,0,0,
147,45,2014,False,,0,65777,0,0,0,0,
147,46,2014,False,,0,89508,0,0,0,0,
147,47,2014,False,,0,63252,0,0,0,0,
147,48,2014,False,,0,244954,0,0,0,0,
147,49,2014,False,,0,127186,0,0,0,0,
147,50,2014,True,modern_caps,1582,185937,1582,0,0,0,
147,51,2014,False,,0,284818,0,0,0,0,
147,52,2014,False,,0,271779,0,0,0,0,
148,1,2015,False,,0,197126,0,0,0,0,
148,2,2015,False,,0,71661,0,0,0,0,
148,3,2015,False,,0,57167,0,0,0,0,
148,4,2015,True,modern_caps,868,122423,868,0,0,0,
148,5,2015,False,,0,118365,0,0,0,0,
148,6,2015,False,,0,69227,0,0,0,0,
148,7,2015,False,,0,135450,0,0,0,0,
148,8,2015,True,modern_caps,562,80140,562,0,0,1,
148,9,2015,False,,0,61658,0,0,0,0,
148,10,2015,True,modern_caps,216,74060,216,0,0,0,
148,11,2015,False,,0,60458,0,0,0,0,
148,12,2015,True,modern_caps,342,68058,342,0,0,1,
148,13,2015,False,,0,82817,0,0,0,0,
148,14,2015,True,modern_caps,320,101056,320,0,0,0,
148,15,2015,True,modern_caps,122,47136,122,0,0,0,
148,16,2015,False,,0,267860,0,0,0,0,
148,17,2015,False,,0,243367,0,0,0,0,
148,18,2015,False,,0,137955,0,0,0,0,
148,19,2015,False,,0,90490,0,0,0,0,
148,20,2015,False,,0,116604,0,0,0,0,
148,21,2015,False,,0,97694,0,0,0,0,
148,22,2015,False,,0,119137,0,0,0,0,
148,23,2015,False,,0,118914,0,0,0,0,
148,24,2015,False,,0,80708,0,0,0,0,
148,25,2015,True,modern_caps,364,86768,364,0,0,0,
148,26,2015,False,,0,308104,0,0,0,0,
148,27,2015,False,,0,243560,0,0,0,0,
148,28,2015,True,modern_caps,4,45364,4,0,0,0,
148,29,2015,True,modern_caps,5,39851,5,0,0,0,
148,30,2015,False,,0,264848,0,0,0,0,
148,31,2015,False,,0,83761,0,0,0,0,
148,32,2015,False,,0,211507,0,0,0,0,
148,33,2015,False,,0,72135,0,0,0,0,
148,34,2015,False,,0,49237,0,0,0,0,
148,35,2015,False,,0,107781,0,0,0,0,
148,36,2015,False,,0,123459,0,0,0,0,
148,37,2015,True,,0,77156,0,0,0,0,
148,38,2015,False,,0,184059,0,0,0,0,
148,39,2015,False,,0,87684,0,0,0,0,
148,40,2015,True,modern_caps,423,75322,423,0,0,0,
148,41,2015,False,,0,131460,0,0,0,0,
148,42,2015,False,,0,95279,0,0,0,0,
148,43,2015,False,,0,68681,0,0,0,0,
148,44,2015,False,,0,122377,0,0,0,0,
148,45,2015,False,,0,182622,0,0,0,0,
148,46,2015,False,,0,74693,0,0,0,0,
148,47,2015,False,,0,123917,0,0,0,0,
148,48,2015,False,,0,141649,0,0,0,0,
148,49,2015,False,,0,97564,0,0,0,0,
148,50,2015,False,,0,186171,0,0,0,0,
148,51,2015,True,modern_caps,1751,190493,1751,0,0,0,
148,52,2015,False,,0,250748,0,0,0,0,
149,1,2016,False,,0,197713,0,0,0,0,
149,2,2016,False,,0,94769,0,0,0,0,
149,3,2016,True,modern_caps,571,126970,571,0,0,0,
149,4,2016,False,,0,161796,0,0,0,0,
149,5,2016,False,,0,100143,0,0,0,0,
149,6,2016,False,,0,62824,0,0,0,0,
149,7,2016,False,,0,197127,0,0,0,0,
149,8,2016,False,,0,117645,0,0,0,0,
149,9,2016,True,,0,117822,0,0,0,0,
149,12,2016,False,,0,189306,0,0,0,0,
149,13,2016,True,modern_caps,347,147912,347,0,0,0,
149,14,2016,False,,0,81158,0,0,0,0,
149,15,2016,True,modern_caps,563,80493,563,0,0,0,
149,17,2016,True,modern_caps,86,71758,86,0,0,0,
149,18,2016,False,,0,142413,0,0,0,0,
149,19,2016,False,,0,159376,0,0,0,0,
149,20,2016,True,,0,10054,0,0,0,0,
149,21,2016,False,,0,254351,0,0,0,0,
149,22,2016,False,,0,299655,0,0,0,0,
149,23,2016,False,,0,308776,0,0,0,0,
149,24,2016,False,,0,154954,0,0,0,0,
149,25,2016,False,,0,223166,0,0,0,0,
149,26,2016,False,,0,293349,0,0,0,0,
149,27,2016,False,,0,211793,0,0,0,0,
149,28,2016,False,,0,237666,0,0,0,0,
149,29,2016,True,,0,126117,0,0,0,0,
149,30,2016,False,,0,100070,0,0,0,0,
149,31,2016,False,,0,268872,0,0,0,0,
149,32,2016,False,,0,116340,0,0,0,0,
149,33,2016,False,,0,221120,0,0,0,0,
149,34,2016,False,,0,162162,0,0,0,0,
149,35,2016,False,,0,96900,0,0,0,0,
149,36,2016,False,,0,67166,0,0,0,0,
149,37,2016,False,,0,74814,0,0,0,0,
149,38,2016,True,modern_caps,2,83633,2,0,0,0,
149,39,2016,False,,0,327278,0,0,0,0,
149,40,2016,True,modern_caps,224,78298,224,0,0,0,
149,41,2016,False,,0,240470,0,0,0,0,
149,42,2016,False,,0,321845,0,0,0,0,
149,43,2016,True,,0,70600,0,0,0,0,
149,44,2016,False,,0,103373,0,0,0,0,
149,45,2016,False,,0,90618,0,0,0,0,
149,46,2016,True,modern_caps,462,102045,462,0,0,0,
149,47,2016,False,,0,202038,0,0,0,0,
149,48,2016,False,,0,76744,0,0,0,0,
149,49,2016,True,modern_caps,511,121193,511,0,0,0,
149,50,2016,False,,0,175686,0,0,0,0,
149,51,2016,False,,0,220983,0,0,0,0,
149,52,2016,False,,0,229020,0,0,0,0,
149,53,2016,True,,0,16899,0,0,0,0,
150,1,2017,False,,0,208231,0,0,0,0,
150,2,2017,True,,0,48070,0,0,0,0,
150,3,2017,False,,0,193415,0,0,0,0,
150,4,2017,False,,0,55436,0,0,0,0,
150,5,2017,False,,0,154473,0,0,0,0,
150,6,2017,True,modern_caps,956,181545,956,0,0,0,
150,7,2017,False,,0,279064,0,0,0,0,
150,8,2017,False,,0,169856,0,0,0,0,
150,9,2017,True,modern_caps,533,135447,533,0,0,0,
150,10,2017,True,modern_caps,129,72306,129,0,0,0,
150,11,2017,False,,0,93290,0,0,0,0,
150,12,2017,False,,0,237117,0,0,0,0,
150,13,2017,False,,0,99883,0,0,0,0,
150,14,2017,False,,0,86725,0,0,0,0,
150,15,2017,False,,0,157239,0,0,0,0,
150,16,2017,False,,0,141035,0,0,0,0,
150,17,2017,False,,0,175752,0,0,0,0,
150,18,2017,False,,0,266427,0,0,0,0,
150,19,2017,False,,0,291603,0,0,0,0,
150,20,2017,False,,0,115893,0,0,0,0,
150,21,2017,False,,0,121087,0,0,0,0,
150,22,2017,False,,0,291964,0,0,0,0,
150,23,2017,False,,0,186827,0,0,0,0,
150,24,2017,False,,0,233136,0,0,0,0,
150,25,2017,False,,0,575169,0,0,0,0,
150,26,2017,False,,0,338667,0,0,0,0,
150,27,2017,False,,0,227413,0,0,0,0,
150,28,2017,True,modern_caps,1457,274192,1457,0,0,0,
150,29,2017,False,,0,256307,0,0,0,0,
150,30,2017,True,modern_caps,271,276298,271,0,0,0,
150,31,2017,False,,0,62081,0,0,0,0,
150,32,2017,False,,0,213122,0,0,0,0,
150,33,2017,False,,0,287336,0,0,0,0,
150,34,2017,False,,0,99990,0,0,0,0,
150,35,2017,True,modern_caps,431,109878,431,0,0,0,
150,36,2017,False,,0,70511,0,0,0,0,
150,37,2017,True,modern_caps,490,124837,490,0,0,0,
150,38,2017,False,,0,148716,0,0,0,0,
150,39,2017,True,modern_caps,347,88004,347,0,0,0,
150,40,2017,False,,0,95685,0,0,0,0,
150,41,2017,False,,0,329645,0,0,0,0,
150,42,2017,True,modern_caps,701,135658,701,0,0,0,
150,43,2017,True,modern_caps,304,107545,304,0,0,0,
150,44,2017,False,,0,176098,0,0,0,0,
150,45,2017,False,,0,163966,0,0,0,0,
150,46,2017,False,,0,263856,0,0,0,0,
150,47,2017,True,modern_caps,559,114399,559,0,0,0,
150,48,2017,True,modern_caps,408,149445,408,0,0,0,
150,49,2017,False,,0,226126,0,0,0,0,
150,50,2017,True,modern_caps,424,78589,424,0,0,0,
150,51,2017,False,,0,92812,0,0,0,0,
150,52,2017,False,,0,216486,0,0,0,0,
151,1,2018,False,,0,289251,0,0,0,0,
151,2,2018,False,,0,182305,0,0,0,0,
151,3,2018,False,,0,88390,0,0,0,0,
151,4,2018,True,modern_caps,1079,159418,1079,0,0,0,
151,5,2018,False,,0,156630,0,0,0,0,
151,6,2018,True,modern_caps,604,129254,604,0,0,0,
151,7,2018,True,modern_caps,415,195229,415,0,0,0,
151,8,2018,False,,0,192412,0,0,0,0,
151,9,2018,True,modern_caps,367,80706,367,0,0,0,
151,10,2018,False,,0,172251,0,0,0,0,
151,11,2018,True,modern_caps,509,286946,509,0,0,0,
151,12,2018,False,,0,262609,0,0,0,0,
151,13,2018,True,modern_caps,247,69069,247,0,0,0,
151,14,2018,False,,0,242139,0,0,0,0,
151,15,2018,True,modern_caps,475,96257,475,0,0,0,
151,16,2018,False,,0,333291,0,0,0,0,
151,17,2018,False,,0,289957,0,0,0,0,
151,18,2018,False,,0,361212,0,0,0,0,
151,19,2018,False,,0,251077,0,0,0,0,
151,20,2018,False,,0,240991,0,0,0,0,
151,21,2018,False,,0,224373,0,0,0,0,
151,22,2018,False,,0,57849,0,0,0,0,
151,23,2018,False,,0,60634,0,0,0,0,
151,24,2018,False,,0,91547,0,0,0,0,
151,25,2018,False,,0,89347,0,0,0,0,
151,26,2018,False,,0,73817,0,0,0,0,
151,27,2018,False,,0,91047,0,0,0,0,
151,28,2018,False,,0,68052,0,0,0,0,
151,29,2018,False,,0,122023,0,0,0,0,
151,30,2018,False,,0,121460,0,0,0,0,
151,31,2018,False,,0,261615,0,0,0,0,
151,32,2018,False,,0,183759,0,0,0,0,
151,33,2018,True,modern_caps,2560,331014,2560,0,0,0,
151,34,2018,False,,0,116624,0,0,0,0,
151,35,2018,False,,0,140082,0,0,0,0,
151,36,2018,False,,0,97415,0,0,0,0,
151,37,2018,False,,0,61387,0,0,0,0,
151,38,2018,True,modern_caps,675,211929,675,0,0,0,
151,39,2018,True,modern_caps,88,87560,88,0,0,0,
151,40,2018,True,modern_caps,165,54445,165,0,0,0,
151,41,2018,False,,0,45797,0,0,0,0,
151,42,2018,False,,0,128536,0,0,0,0,
151,43,2018,True,modern_caps,283,59352,283,0,0,0,
151,44,2018,True,modern_caps,357,71168,357,0,0,0,
151,45,2018,True,,0,218480,0,0,0,0,
151,46,2018,False,,0,243528,0,0,0,0,
151,47,2018,False,,0,59680,0,0,0,0,
151,48,2018,True,modern_caps,334,99667,334,0,0,0,
151,49,2018,True,modern_caps,678,119699,678,0,0,0,
151,50,2018,True,modern_caps,880,168310,880,0,0,0,
151,51,2018,False,,0,100630,0,0,0,0,
151,52,2018,True,modern_caps,1225,152162,1225,0,0,0,
152,1,2019,False,,0,223192,0,0,0,0,
152,2,2019,True,modern_caps,158,81399,158,0,0,0,
152,3,2019,False,,0,50044,0,0,0,0,
152,4,2019,True,modern_caps,449,157484,449,0,0,0,
152,5,2019,False,,0,130568,0,0,0,0,
152,6,2019,True,modern_caps,168,61111,168,0,0,0,
152,7,2019,False,,0,328789,0,0,0,0,
152,8,2019,True,modern_caps,919,139689,919,0,0,0,
152,9,2019,False,,0,339939,0,0,0,0,
152,10,2019,False,,0,69141,0,0,0,0,
152,11,2019,False,,0,86953,0,0,0,0,
152,12,2019,False,,0,110444,0,0,0,0,
152,13,2019,False,,0,191417,0,0,0,0,
152,14,2019,False,,0,252554,0,0,0,0,
152,15,2019,False,,0,175206,0,0,0,0,
152,16,2019,False,,0,111437,0,0,0,0,
152,17,2019,False,,0,259023,0,0,0,0,
152,18,2019,False,,0,263580,0,0,0,0,
152,19,2019,False,,0,112497,0,0,0,0,
152,20,2019,False,,0,257322,0,0,0,0,
152,21,2019,False,,0,103093,0,0,0,0,
152,22,2019,False,,0,143270,0,0,0,0,
152,23,2019,True,modern_caps,2620,341650,2620,0,0,0,
152,24,2019,True,modern_caps,118,60828,118,0,0,0,
152,25,2019,True,modern_caps,126,87551,126,0,0,0,
152,26,2019,True,modern_caps,168,76913,168,0,0,0,
152,27,2019,True,modern_caps,227,69352,227,0,0,0,
152,28,2019,True,modern_caps,145,106116,145,0,0,0,
152,29,2019,True,modern_caps,177,82560,177,0,0,0,
152,30,2019,False,,0,264522,0,0,0,0,
152,31,2019,True,modern_caps,242,92595,242,0,0,0,
152,32,2019,True,modern_caps,295,76848,295,0,0,0,
152,33,2019,True,modern_caps,178,51245,178,0,0,0,
152,34,2019,True,modern_caps,161,54908,161,0,0,0,
152,35,2019,True,modern_caps,163,107963,163,0,0,0,
152,36,2019,True,modern_caps,118,56564,118,0,0,0,
152,37,2019,True,modern_caps,95,42505,95,0,0,0,
152,38,2019,True,modern_caps,147,62936,147,0,0,0,
152,39,2019,True,modern_caps,139,50630,139,0,0,0,
152,40,2019,True,modern_caps,191,52176,191,0,0,0,
152,41,2019,True,modern_caps,166,60590,166,0,0,0,
152,42,2019,True,modern_caps,136,62634,136,0,0,0,
152,43,2019,False,,0,116451,0,0,0,0,
152,44,2019,True,modern_caps,262,44818,262,0,0,0,
152,45,2019,True,modern_caps,213,112610,213,0,0,0,
152,46,2019,True,modern_caps,175,74066,175,0,0,0,
152,47,2019,True,modern_caps,242,55414,242,0,0,0,
152,48,2019,True,modern_caps,157,76747,157,0,0,0,
152,49,2019,True,modern_caps,186,100542,186,0,0,0,
152,50,2019,True,modern_caps,180,94854,180,0,0,0,
152,51,2019,True,modern_caps,143,98423,143,0,0,0,
152,52,2019,True,modern_caps,137,138594,137,0,0,0,
153,1,2020,False,,0,207266,0,0,0,0,
153,2,2020,True,modern_caps,330,88598,330,0,0,0,
153,3,2020,True,modern_caps,230,48918,230,0,0,0,
153,4,2020,True,modern_caps,237,104817,237,0,0,0,
153,5,2020,True,modern_caps,244,119215,244,0,0,0,
153,6,2020,True,modern_caps,241,152507,241,0,0,0,
153,7,2020,True,modern_caps,327,43662,327,0,0,0,
153,8,2020,True,modern_caps,444,98228,444,0,0,0,
153,9,2020,True,modern_caps,269,51828,269,0,0,0,
153,10,2020,True,modern_caps,199,50588,199,0,0,0,
153,11,2020,True,modern_caps,268,92461,268,0,0,0,
153,12,2020,True,modern_caps,354,60039,354,0,0,0,
153,13,2020,True,modern_caps,237,85287,237,0,0,0,
153,14,2020,True,modern_caps,136,37170,136,0,0,0,
153,15,2020,True,modern_caps,130,41755,130,0,0,0,
153,16,2020,True,modern_caps,149,32489,149,0,0,0,
153,17,2020,True,modern_caps,108,40440,108,0,0,0,
153,22,2020,True,modern_caps,205,40583,205,0,0,0,
153,23,2020,True,modern_caps,71,27817,71,0,0,0,
153,24,2020,True,modern_caps,91,206785,91,0,0,0,
153,25,2020,True,modern_caps,167,115713,167,0,0,0,
153,26,2020,True,modern_caps,174,53285,174,0,0,0,
153,27,2020,True,modern_caps,126,35838,126,0,0,0,
153,28,2020,True,modern_caps,102,45748,102,0,0,0,
153,29,2020,True,modern_caps,168,48080,168,0,0,0,
153,30,2020,True,modern_caps,89,27703,89,0,0,0,
153,31,2020,True,modern_caps,126,46980,126,0,0,0,
153,32,2020,True,modern_caps,140,59843,140,0,0,0,
153,33,2020,True,modern_caps,181,46288,181,0,0,0,
153,34,2020,True,modern_caps,112,37547,112,0,0,0,
153,35,2020,True,modern_caps,225,56075,225,0,0,0,
153,36,2020,True,modern_caps,173,31908,173,0,0,0,
153,37,2020,True,modern_caps,135,63285,135,0,0,0,
153,38,2020,True,modern_caps,162,53292,162,0,0,0,
153,39,2020,True,modern_caps,203,60361,203,0,0,0,
153,40,2020,True,modern_caps,194,53119,194,0,0,0,
153,41,2020,True,modern_caps,251,59416,251,0,0,0,
153,42,2020,False,,0,187628,0,0,0,0,
153,43,2020,True,modern_caps,428,74129,428,0,0,0,
153,44,2020,True,modern_caps,185,76644,185,0,0,0,
153,45,2020,True,modern_caps,177,55008,177,0,0,0,
153,46,2020,True,modern_caps,215,51011,215,0,0,0,
153,47,2020,True,modern_caps,188,54423,188,0,0,0,
153,48,2020,True,modern_caps,188,58784,188,0,0,0,
153,49,2020,True,modern_caps,282,272126,282,0,0,0,
153,50,2020,True,modern_caps,222,79746,222,0,0,0,
153,51,2020,True,modern_caps,166,59327,166,0,0,0,
153,52,2020,True,modern_caps,236,84355,236,0,0,0,
154,1,2021,False,,0,233150,0,0,0,0,
154,2,2021,True,modern_caps,396,59662,396,0,0,0,
154,3,2021,True,modern_caps,62,23491,62,0,0,0,
154,4,2021,True,modern_caps,196,66334,196,0,0,0,
154,5,2021,True,modern_caps,197,47501,197,0,0,0,
154,6,2021,True,modern_caps,183,60994,183,0,0,0,
154,7,2021,True,modern_caps,184,41050,184,0,0,0,
154,8,2021,True,modern_caps,180,54568,180,0,0,0,
154,9,2021,True,modern_caps,162,40604,162,0,0,0,
154,10,2021,True,modern_caps,101,58382,101,0,0,0,
154,11,2021,True,modern_caps,156,165618,156,0,0,0,
154,12,2021,True,,0,28982,0,0,0,0,
154,13,2021,True,modern_caps,162,60885,162,0,0,0,
154,14,2021,True,modern_caps,216,45336,216,0,0,0,
154,15,2021,True,modern_caps,185,49286,185,0,0,0,
154,16,2021,True,modern_caps,160,39859,160,0,0,0,
154,17,2021,True,modern_caps,204,42041,204,0,0,0,
154,18,2021,True,modern_caps,186,50336,186,0,0,0,
154,19,2021,True,modern_caps,200,59547,200,0,0,0,
154,20,2021,True,modern_caps,324,72752,324,0,0,0,
154,21,2021,True,modern_caps,198,42124,198,0,0,0,
154,22,2021,True,modern_caps,164,40751,164,0,0,0,
154,23,2021,True,modern_caps,170,54807,170,0,0,0,
154,24,2021,True,modern_caps,107,58101,107,0,0,0,
154,25,2021,True,modern_caps,186,68127,186,0,0,0,
154,26,2021,True,modern_caps,241,143980,241,0,0,0,
154,27,2021,True,modern_caps,168,67937,168,0,0,0,
154,28,2021,True,modern_caps,215,210368,215,0,0,0,
154,29,2021,True,modern_caps,118,147787,118,0,0,0,
154,30,2021,True,modern_caps,240,96846,240,0,0,0,
154,31,2021,True,modern_caps,257,90203,257,0,0,0,
154,32,2021,False,,0,139010,0,0,0,0,
154,33,2021,False,,0,160313,0,0,0,0,
154,34,2021,True,modern_caps,101,90262,101,0,0,0,
154,35,2021,True,modern_caps,145,39636,145,0,0,0,
154,36,2021,True,modern_caps,151,54522,151,0,0,0,
154,37,2021,True,modern_caps,150,66882,150,0,0,0,
154,38,2021,True,modern_caps,183,50440,183,0,0,0,
154,39,2021,True,modern_caps,89,50354,89,0,0,0,
154,40,2021,True,modern_caps,223,46943,223,0,0,0,
154,41,2021,True,modern_caps,245,62624,245,0,0,0,
154,42,2021,True,modern_caps,216,54901,216,0,0,0,
154,43,2021,True,modern_caps,209,54908,209,0,0,0,
154,44,2021,True,modern_caps,215,86447,215,0,0,0,
154,45,2021,True,modern_caps,224,28439,224,0,0,0,
154,46,2021,True,modern_caps,199,34286,199,0,0,0,
154,47,2021,True,modern_caps,219,41484,219,0,0,0,
154,48,2021,True,modern_caps,252,38692,252,0,0,0,
154,49,2021,True,modern_caps,152,55423,152,0,0,0,
154,50,2021,True,modern_caps,246,28941,246,0,0,0,
154,51,2021,True,modern_caps,175,36987,175,0,0,0,
154,52,2021,True,modern_caps,226,32631,226,0,0,0,
155,1,2022,True,modern_caps,236,43006,236,0,0,0,
155,2,2022,True,modern_caps,160,20377,160,0,0,0,
155,3,2022,True,modern_caps,103,21416,103,0,0,0,
155,4,2022,False,,0,191739,0,0,0,0,
155,5,2022,True,modern_caps,292,47573,292,0,0,0,
155,6,2022,True,modern_caps,160,60825,160,0,0,0,
155,7,2022,True,modern_caps,202,32732,202,0,0,0,
155,8,2022,True,modern_caps,212,141739,212,0,0,0,
155,9,2022,True,modern_caps,125,123367,125,0,0,0,
155,10,2022,True,modern_caps,126,19422,126,0,0,0,
155,11,2022,True,modern_caps,116,32402,116,0,0,0,
155,12,2022,True,modern_caps,142,22864,142,0,0,0,
155,13,2022,True,modern_caps,169,44377,169,0,0,0,
155,14,2022,True,modern_caps,200,32753,200,0,0,0,
155,15,2022,True,modern_caps,138,41327,138,0,0,0,
155,16,2022,True,modern_caps,237,128520,237,0,0,0,
155,17,2022,True,modern_caps,234,36598,234,0,0,0,
155,18,2022,True,modern_caps,127,364289,127,0,0,0,
155,19,2022,True,modern_caps,181,22522,181,0,0,0,
155,20,2022,True,modern_caps,175,58507,175,0,0,0,
155,21,2022,True,modern_caps,154,50060,154,0,0,0,
155,22,2022,True,modern_caps,184,27214,184,0,0,0,
155,23,2022,True,modern_caps,225,30879,225,0,0,0,
155,24,2022,True,modern_caps,229,26416,229,0,0,0,
155,25,2022,True,modern_caps,152,36038,152,0,0,0,
155,27,2022,True,modern_caps,126,23158,126,0,0,0,
155,28,2022,True,modern_caps,239,33121,239,0,0,0,
155,29,2022,True,modern_caps,158,39278,158,0,0,0,
155,30,2022,True,modern_caps,155,22663,155,0,0,0,
155,31,2022,False,,0,35139,0,0,0,0,
155,32,2022,True,modern_caps,350,44320,350,0,0,0,
155,33,2022,True,modern_caps,139,39515,139,0,0,0,
155,34,2022,True,modern_caps,201,27576,201,0,0,0,
155,35,2022,True,modern_caps,202,28946,202,0,0,0,
155,36,2022,True,modern_caps,237,28179,237,0,0,0,
155,37,2022,True,modern_caps,214,31440,214,0,0,0,
155,38,2022,False,,0,251115,0,0,0,0,
155,39,2022,True,modern_caps,139,82987,139,0,0,0,
155,40,2022,True,modern_caps,189,54881,189,0,0,0,
155,41,2022,True,modern_caps,239,51833,239,0,0,0,
155,42,2022,True,modern_caps,195,28164,195,0,0,0,
155,43,2022,True,modern_caps,207,28649,207,0,0,0,
155,44,2022,True,modern_caps,151,72864,151,0,0,0,
155,45,2022,True,modern_caps,281,36439,281,0,0,0,
155,46,2022,True,modern_caps,249,95404,249,0,0,0,
155,47,2022,True,modern_caps,250,142499,250,0,0,0,
155,48,2022,True,modern_caps,162,33125,162,0,0,0,
155,49,2022,True,modern_caps,270,139262,270,0,0,0,
155,50,2022,True,modern_caps,194,30883,194,0,0,0,
155,51,2022,True,modern_caps,212,68358,212,0,0,0,
155,52,2022,False,,0,241840,0,0,0,0,
155,53,2022,True,modern_caps,457,71277,457,0,0,0,
156,1,2023,True,modern_caps,142,146885,142,0,0,0,
156,2,2023,True,modern_caps,109,74788,109,0,0,0,
156,3,2023,True,modern_caps,128,41895,128,0,0,0,
156,4,2023,True,modern_caps,220,57287,220,0,0,0,
156,5,2023,True,modern_caps,207,63233,207,0,0,0,
156,6,2023,True,modern_caps,240,63777,240,0,0,0,
156,7,2023,True,modern_caps,238,163480,238,0,0,0,
156,8,2023,True,modern_caps,268,40608,268,0,0,0,
156,9,2023,True,modern_caps,232,38947,232,0,0,0,
156,10,2023,True,modern_caps,178,26581,178,0,0,0,
156,11,2023,True,modern_caps,303,39554,303,0,0,0,
156,12,2023,True,modern_caps,172,27056,172,0,0,0,
156,13,2023,True,modern_caps,228,34612,228,0,0,0,
156,14,2023,True,modern_caps,173,28899,173,0,0,0,
156,15,2023,True,modern_caps,179,126760,179,0,0,0,
156,16,2023,True,modern_caps,131,210116,131,0,0,0,
156,17,2023,True,modern_caps,162,81120,162,0,0,0,
156,18,2023,True,modern_caps,124,72327,124,0,0,0,
156,19,2023,True,modern_caps,211,252578,211,0,0,0,
156,20,2023,True,modern_caps,209,44762,209,0,0,0,
156,21,2023,True,modern_caps,208,111935,208,0,0,0,
156,22,2023,True,modern_caps,219,262360,219,0,0,0,
156,23,2023,True,modern_caps,188,26821,188,0,0,0,
156,24,2023,True,modern_caps,224,52189,224,0,0,0,
156,25,2023,True,modern_caps,219,164306,219,0,0,0,
156,26,2023,True,modern_caps,247,37458,247,0,0,0,
156,27,2023,True,modern_caps,178,91282,178,0,0,0,
156,28,2023,True,modern_caps,153,138770,153,0,0,0,
156,29,2023,False,,0,65154,0,0,0,0,
156,30,2023,True,modern_caps,363,68002,363,0,0,0,
156,31,2023,True,modern_caps,128,43590,128,0,0,0,
156,32,2023,False,,0,269635,0,0,0,0,
156,33,2023,True,modern_caps,307,47376,307,0,0,0,
156,34,2023,True,modern_caps,135,21741,135,0,0,0,
156,35,2023,True,modern_caps,198,72029,198,0,0,0,
156,36,2023,True,modern_caps,169,35339,169,0,0,0,
156,37,2023,True,modern_caps,164,61013,164,0,0,0,
156,38,2023,True,modern_caps,181,67387,181,0,0,0,
156,39,2023,True,modern_caps,191,51036,191,0,0,0,
156,40,2023,True,modern_caps,255,105499,255,0,0,0,
156,41,2023,True,modern_caps,196,139930,196,0,0,0,
156,42,2023,True,modern_caps,193,102144,193,0,0,0,
156,43,2023,True,modern_caps,149,57475,149,0,0,0,
156,44,2023,True,modern_caps,246,81604,246,0,0,0,
156,45,2023,True,modern_caps,208,40290,208,0,0,0,
156,46,2023,True,modern_caps,287,361779,287,0,0,0,
156,47,2023,True,modern_caps,241,108924,241,0,0,0,
156,48,2023,True,modern_caps,195,46701,195,0,0,0,
156,49,2023,True,modern_caps,270,55039,270,0,0,0,
156,50,2023,True,modern_caps,272,202505,272,0,0,0,
156,51,2023,True,modern_caps,272,57096,272,0,0,0,
156,52,2023,True,modern_caps,211,402051,211,0,0,0,
157,1,2024,True,modern_caps,160,34273,160,0,0,0,
157,2,2024,True,modern_caps,175,57790,175,0,0,0,
157,3,2024,True,modern_caps,101,32297,101,0,0,0,
157,4,2024,True,modern_caps,211,84422,211,0,0,0,
157,5,2024,True,modern_caps,205,120840,205,0,0,0,
157,6,2024,True,modern_caps,259,88946,259,0,0,0,
157,7,2024,True,modern_caps,384,271774,384,0,0,0,
157,8,2024,True,modern_caps,286,59705,286,0,0,0,
157,9,2024,True,modern_caps,313,57963,313,0,0,0,
157,10,2024,True,modern_caps,202,79195,202,0,0,0,
157,11,2024,True,modern_caps,243,50941,243,0,0,0,
157,12,2024,False,,0,228628,0,0,0,0,
157,13,2024,True,modern_caps,446,74356,446,0,0,0,
157,14,2024,True,modern_caps,327,99461,327,0,0,0,
157,15,2024,True,modern_caps,163,42852,163,0,0,0,
157,16,2024,True,modern_caps,184,57443,184,0,0,0,
157,17,2024,True,modern_caps,260,35326,260,0,0,0,
157,18,2024,True,modern_caps,208,36074,208,0,0,0,
157,19,2024,True,modern_caps,309,51369,309,0,0,0,
157,20,2024,True,modern_caps,299,63025,299,0,0,0,
157,21,2024,True,modern_caps,252,147485,252,0,0,0,
157,22,2024,True,modern_caps,186,82595,186,0,0,0,
157,23,2024,True,modern_caps,177,314931,177,0,0,0,
157,24,2024,True,modern_caps,199,49849,199,0,0,0,
157,25,2024,True,modern_caps,173,29270,173,0,0,0,
157,26,2024,True,modern_caps,191,29452,191,0,0,0,
157,27,2024,True,modern_caps,171,204394,171,0,0,0,
157,28,2024,False,,0,1084738,0,0,0,0,
157,29,2024,True,modern_caps,120,54886,120,0,0,0,
157,30,2024,True,modern_caps,182,83185,182,0,0,0,
157,31,2024,False,,0,44445,0,0,0,0,
157,32,2024,True,modern_caps,319,139183,319,0,0,0,
157,33,2024,True,modern_caps,106,50669,106,0,0,0,
157,34,2024,True,modern_caps,84,48843,84,0,0,0,
157,35,2024,True,modern_caps,214,72141,214,0,0,0,
157,36,2024,False,,0,62081,0,0,0,0,
157,37,2024,True,,0,85296,0,0,0,0,
157,38,2024,True,modern_caps,320,119145,320,0,0,0,
157,39,2024,True,modern_caps,170,281379,170,0,0,0,
157,40,2024,True,modern_caps,177,99172,177,0,0,0,
157,41,2024,True,modern_caps,140,158640,140,0,0,0,
157,42,2024,True,modern_caps,221,155747,221,0,0,0,
157,43,2024,True,modern_caps,331,247812,331,0,0,0,
157,44,2024,True,modern_caps,204,32394,204,0,0,0,
157,45,2024,True,modern_caps,194,115179,194,0,0,0,
157,46,2024,True,modern_caps,167,31696,167,0,0,0,
157,47,2024,True,modern_caps,192,84334,192,0,0,0,
157,48,2024,True,modern_caps,185,45653,185,0,0,0,
157,49,2024,True,modern_caps,219,57100,219,0,0,0,
157,50,2024,False,,0,213892,0,0,0,0,
157,51,2024,True,modern_caps,449,89059,449,0,0,0,
157,52,2024,True,modern_caps,165,56591,165,0,0,0,
